motion_id,family_id,skill_family,pilot_stratum,move_g1_path,move_name,actor_uid,selection_role,environment_trigger,body_mask,risk
cap_00_walk_forward_test_00,0,walk_forward,walk_nominal,g1/csv/230419/injured_torso_walk_ff_start_180_R_003__A338.csv,injured_torso_walk_ff_start_180_R_003__A338,A338,actor_disjoint_test,open corridor / nominal progress,legs+pelvis,low
cap_01_jog_forward_test_00,1,jog_forward,walk_nominal,g1/csv/230412/jog_ff_start_180_R_005__A311.csv,jog_ff_start_180_R_005__A311,A311,actor_disjoint_test,time-critical open corridor,legs+pelvis,medium
cap_02_hands_back_walk_test_00,2,hands_back_walk,walk_nominal,g1/csv/220728/walk_hands_on_back_stop_003__A042.csv,walk_hands_on_back_180_stop_R_003__A042,A042,actor_disjoint_test,arm-constrained passage / reduced arm sweep,legs+pelvis,medium
cap_03_walk_lateral_test_00,3,walk_lateral,walk_lateral_reverse,g1/csv/230509/lateral_speed_step_ff_270_R_003__A362.csv,lateral_speed_step_ff_270_R_003__A362,A362,actor_disjoint_test,narrow or lateral aperture,pelvis+legs+arms,low
cap_04_walk_curve_test_00,4,walk_curve,walk_turn,g1/csv/221117/walk_arc_cw_loop_001__A066.csv,walk_arc_cw_loop_R_001__A066,A066,actor_disjoint_test,curved route,pelvis+legs,low
cap_05_turn_in_place_test_00,5,turn_in_place,walk_turn,g1/csv/230102/idle_turn_270_003__A096.csv,idle_turn_270_R_003__A096,A096,actor_disjoint_test,heading discontinuity,pelvis+legs,low
cap_06_crouch_walk_test_00,6,crouch_walk,crouch,g1/csv/230306/crouch_ff_loop_225_R_001__A247.csv,crouch_ff_loop_225_R_001__A247,A247,actor_disjoint_test,long low ceiling,trunk+hips+knees,medium
cap_07_crouch_transition_test_00,7,crouch_transition,low_transition,g1/csv/230125/crouch_ff_stop_315_002__A145.csv,crouch_ff_stop_315_R_002__A145,A145,actor_disjoint_test,enter or leave low clearance,trunk+hips+knees,medium
cap_08_bend_duck_walk_test_00,8,bend_duck_walk,crouch,g1/csv/230414/dance_vouge_the_duck_walk_180_R_001__A323.csv,dance_vogue_the_duck_walk_180_R_001__A323,A323,actor_disjoint_test,short overhead obstacle,trunk+hips,medium
cap_09_dodge_lateral_test_00,9,dodge_lateral,walk_lateral_reverse,g1/csv/230713/street_avoid_car_000_walk_R_003__A430.csv,street_avoid_car_000_walk_R_003__A430,A430,actor_disjoint_test,fast crossing obstacle,trunk+pelvis+legs,medium
cap_10_forward_lunge_test_00,10,forward_lunge,low_transition,g1/csv/230509/forward_lunge_R_003__A362.csv,forward_lunge_R_003__A362,A362,actor_disjoint_test,push recovery / extended reach,legs+trunk,medium
cap_11_side_hop_test_00,11,side_hop,jump,g1/csv/230509/lateral_hop_R_002__A362.csv,lateral_hop_R_002__A362,A362,actor_disjoint_test,small lateral ground hazard,legs+pelvis,high
cap_12_jump_forward_test_00,12,jump_forward,jump,g1/csv/230417/injured_torso_jump_ff_360_R_001__A330.csv,injured_torso_jump_ff_360_R_001__A330,A330,actor_disjoint_test,short ground gap,legs+pelvis,high
cap_13_broad_jump_test_00,13,broad_jump,jump,g1/csv/230509/broad_jump_003__A362.csv,broad_jump_003__A362,A362,actor_disjoint_test,wide ground gap,legs+pelvis+arms,high
cap_14_high_jump_test_00,14,high_jump,jump,g1/csv/230713/high_jump_R_001__A430.csv,high_jump_R_opt_1_001__A430,A430,actor_disjoint_test,tall ground obstacle,legs+pelvis+arms,high
cap_15_box_jump_test_00,15,box_jump,jump,g1/csv/230509/box_jump_001__A362.csv,box_jump_on_180_001__A362,A362,actor_disjoint_test,raised platform,legs+pelvis+arms,high
cap_16_step_up_box_test_00,16,step_up_box,walk_nominal,g1/csv/230124/lift_crate_come_up_50cm_box_R_002__A144.csv,lift_crate_come_up_50cm_box_R_002__A144,A144,actor_disjoint_test,step or platform ascent,swing_leg+pelvis,high
cap_17_step_down_box_test_00,17,step_down_box,walk_nominal,g1/csv/230307/lift_crate_come_up_50cm_box_R_006__A251.csv,lift_crate_come_down_50cm_box_R_001__A251,A251,actor_disjoint_test,step or platform descent,legs+pelvis,high
cap_18_kneel_test_00,18,kneel,low_transition,g1/csv/230201/kneeling_start_002__A168.csv,kneeling_start_R_002__A168,A168,actor_disjoint_test,very low stationary clearance,trunk+hips+knees,medium
cap_19_crawl_test_00,19,crawl,crawl,g1/csv/230120/crawl_ff_start_360_003__A134.csv,crawl_ff_start_360_R_003__A134,A134,actor_disjoint_test,long very-low tunnel,whole_body,high
cap_20_all_fours_test_00,20,all_fours,all_fours,g1/csv/230216/on_all_fours_idle_stop_001__A201.csv,idle_on_all_fours_to_idle_001__A201,A201,actor_disjoint_test,four-contact low passage,whole_body,high
cap_21_spider_crawl_test_00,21,spider_crawl,crawl,g1/csv/230509/spider_crawl_R_004__A362.csv,spider_crawl_R_004__A362,A362,actor_disjoint_test,low passage with inverted support,whole_body,high
cap_22_inchworm_test_00,22,inchworm,crawl,g1/csv/230509/inchworm_002__A362.csv,inchworm_002__A362,A362,actor_disjoint_test,low passage / recovery,whole_body,high
cap_23_get_up_recovery_test_00,23,get_up_recovery,low_transition,g1/csv/231010/stand_up_lying_stomach_R_002__A472.csv,stand_up_lying_stomach_R_002__A472,A472,actor_disjoint_test,fall recovery,whole_body,high
cap_24_vault_train_00,24,vault,jump,g1/csv/240327/vault_over_R_001__A533.csv,vault_over_R_001__A533,A533,actor_disjoint_train,waist-height obstacle,whole_body,high
cap_25_door_interaction_validation_00,25,door_interaction,low_transition,g1/csv/231115/outside_door_knob_left_side_open_R_002__A512.csv,outside_door_knob_left_side_open_R_002__A512,A512,actor_disjoint_validation,doorway interaction,arms+trunk+pelvis,high
cap_26_ladder_train_00,26,ladder,all_fours,g1/csv/230323/ladder_climbing_up_start_R_103__A301.csv,ladder_climbing_up_start_R_103__A301,A301,actor_disjoint_train,vertical traversal,whole_body,high
cap_27_button_lever_test_00,27,button_lever,low_transition,g1/csv/231019/low_horizontal_handle_horizontal_lever_right_001__A485.csv,low_horizontal_handle_horizontal_lever_right_001__A485,A485,actor_disjoint_test,reachable environment control,arm+trunk,medium
cap_28_carry_object_test_00,28,carry_object,walk_nominal,g1/csv/230124/turn_lift_crate_walk_360_001__A144.csv,lift_crate_turn_walk_360_001__A144,A144,actor_disjoint_test,navigation with changed self-manifold,arms+trunk+legs,high
cap_29_roll_recovery_test_00,29,roll_recovery,low_transition,g1/csv/230302/safety_roll_315_R_007__A234.csv,safety_roll_315_L_007__A234,A234,actor_disjoint_test,impact dissipation / recovery,whole_body,high
